shot,accuracy,accuracy_percent
1-shot,0.38333333333333336,38.333333333333336
2-shot,0.5833333333333334,58.333333333333336
3-shot,0.65,65.0
4-shot,0.7333333333333333,73.33333333333333
5-shot,0.75,75.0
